query,answer
Which is heavier: a kilogram of fluff or a kilogram of steel?,"A kilogram of fluff and a kilogram of steel weigh the same. The density of fluff (a dense material) is about 0.34 grams per cubic centimeter, while the density of steel is about 7.85 kilograms per cubic meter, which is much higher than the density of fluff. Therefore, a kg of steel weighs more than a kg of fluff.\nIn summary: A kilogram of steel and a kilogram of fluff weigh the same."
Tell me about ansambles in machine learning.,"Certainly! In machine learning, an Ansamble is a particular type of ensemble technique where multiple decision-making algorithms (often referred to as ""learners"" or ""models"") are combined into one model or ensemble. This approach allows for improved performance compared to the average individual learner by combining their strengths and reducing their biases.\n\nThe key components of an Ansamble include:\n\n1. **Learner**: These are the individual learners that make up the ensemble. Each learner is a machine learning algorithm designed to solve a specific task or problem, such as classification, regression, clustering, or other types of unsupervised learning tasks. They can be trained separately and then combined using techniques like stacking or bagging.\n\n2. **Aggregation Method**: This involves combining the predictions or outputs of multiple learners into one prediction. Common aggregation methods include:\n\n   - **Mean (Weighted Average)**: The output of each learner is averaged.\n   - **Proportional Weighted Mean (PWO)**: The weight assigned to each learner depends on its relative contribution to the ensemble’s overall performance.\n   - **Voting**: Each learner's prediction is compared with another to determine the most likely class or outcome. The one that receives the highest number of votes wins.\n\n3. **Evaluation Metrics**: Performance metrics are used to evaluate how well each learner in the ensemble performs in its specific task and compare the performance of different learners within the ensemble.\n\nAn Ansamble is often applied in various fields such as image recognition, natural language processing (NLP), computer vision, and more. Its main advantages include:\n\n- **Improved Performance**: By combining multiple learners into one, an Ansamble can generally perform better than any individual learner.\n- **Easier Interpretation**: The ensemble output can be easier to interpret compared to separate learning algorithms that each have their own biases.\n- **Flexibility**: An Ansamble can handle complex tasks and is often more scalable.\n\nHowever, there are also some considerations:\n\n- **Bias and Variance**: Ensemble methods can introduce bias if the learners in the ensemble have different assumptions about the data. This can lead to overfitting and poor generalization to new data.\n- **Loss Function**: Some learners may not be able to directly combine with each other (e.g., linear regression vs. decision trees), making it necessary to use a loss function that is suitable for combining both types of learners.\n\nOverall, an Ansamble offers a powerful tool in the toolbox of machine learning practitioners when faced with complex problems and data distributions that do not fit well into traditional methods like gradient boosting or stacking."
What is the formula for the circumference?,"The formula for the circumference of a circle (or any round shape) is:\n\n\[ C = 2\pi r \]\n\nWhere:\n- \( C \) represents the circumference.\n- \( \pi \approx 3.14159 \) is the mathematical constant π.\n- \( r \) is the radius or diameter of the circle.\n\nThis formula relates to the area \( A \) by the formula:\n\n\[ A = \pi r^2 \]\nSo, the circumference can be found using this area formula:\n\[ C = \frac{A}{\pi} \]\n\nBut it's often more practical and straightforward to use the circumferential length (which is the same as the arc length if the radius \( r \) is given):\n\n\[ C = 2r \]\nSo, without knowing the radius directly (\( r \)), you can use this simple formula:\n\n1. **Radius** \( r \): If the circle or any other round shape has a known radius.\n2. **Circumference (C)**: Use the formula:\n   \[ C = 2r \]\n3. **Simplification**: When given only the circumference, you can calculate the radius if needed by rearranging:\n   \[ r = \frac{C}{2} \]\n\nHere is an example in Python using sympy:\n\n```python\nimport sympy as sp\n\n# Define symbols\nC = sp.symbols('C')\nradius = sp.symbols('r')\n\n# Formula for circumference\ncircumference_formula = 2 * radius\n\n# Example: if you know the circumference, calculate the radius\nexample_circumference = 10  # example circumference\nsolution_radius = solve(circumference_formula.subs(C, example_circumference), radius)\n\nprint(solution_radius)\n```\nIn this example:\n- `C` is the circumference value.\n- `radius` and `solve` help in finding the radius directly.\n\nThis approach can be more straightforward if you only have the circumference."
Which country is the largest in terms of area?,"The United States (USA), also known as the Western Hemisphere region, has the largest land area among all countries and territories worldwide.\n\nTo put it simply:\n\n1. The U.S. covers an area of approximately 9.84 million square kilometers.\n2. This includes both land and water areas.\n3. It's divided into two regions:\n   - Eastern Region: 7.56 million square kilometers\n   - Western Region: 2.28 million square kilometers\n\nSo, the U.S. is indeed considered the largest country by its area among all countries and territories worldwide.\n\nHowever, it's important to note that the geographical definition of an ""area"" can vary depending on what criteria you use for measuring land areas. Some might consider a country with an entire continent as having no land area at all. For example, Greenland is often considered a smaller region because its entire landmass lies outside any continental shelf.\n\nIn conclusion, while the U.S. does have the largest land area by both size and number of countries, it's important to consider broader definitions when assessing areas based on population density or other factors."
Which country has the largest population?,"As an artificial intelligence language model, I don't have access to real-time information or specific geographic data. However, based on global trends and recent statistics, the United States is recognized as having one of the world's largest populations.\n\nAccording to the latest available data from the United States Census Bureau, the population of the United States was approximately 328.1 million people as of the end of 2020. This represents about 74% of the global population.\n\nHowever, it is important to note that the total world population has changed over time due to various factors such as immigration, birth rates, and death rates. For instance, China is currently the world's second-largest country by population behind only the United States, with an estimated population of around 1.4 billion people.\n\nIf you're interested in specific countries or regions within a particular group, I'd be happy to provide information about those areas for you."
Who is the Joker from Batman?,"The Joker character, played by Adam Southwick in the 1987 film adaptation of ""Batman,"" is known for his violent and chaotic nature. However, he was not originally a part of the original Batman movie. Instead, the character of the Joker was introduced in the TV series ""The New Adventures of Batman"" (also known as ""Batman: The Animated Series"") from 2016 to 2017.\n\nIn the 2017 animated film adaptation of ""Batman: The Animated Series,"" the Joker appears earlier and is a significant part of the plot. He has been an integral element in many episodes, although he was not originally a character in ""The New Adventures of Batman.""\n\nSo while the character has had some time as an individual from the TV show, the actor who portrayed him (Adam Southwick) did introduce this character to viewers, particularly those who watched the animated series first."
Tell me about Poincare conjecture.,"Certainly! The Poincaré Conjecture is one of the most famous unsolved problems in mathematics and it states that every simply connected 3-manifold (which are closed, bounded, smooth surfaces without boundary) can be triangulated into a finite number of simple closed curves called ""cells"". \n\nTo put this concept in simpler terms: the Poincaré Conjecture asks if we can fold a doughnut-shaped pizza (i.e., a torus) up and down, left and right so that it becomes a flat surface. It was only known for 100 years before being solved by John Milnor.\n\nThe Poincaré Conjecture is based on the fundamental concept of triangulation which states that any closed surface can be deformed into a simple shape using the convex hull (the smallest surface) and points where they meet. The idea behind this conjecture is that if we could find a way to fold each face of a 3-manifold up, it would mean that all faces are connected in some way.\n\nThe Poincaré Conjecture has profound implications for mathematics and physics as well. It helped open up new avenues of research related to topology and geometry while also providing insights into the nature of certain mathematical structures known as ""polyhedral"" shapes.\n\nIt's an example where one problem (triangulating 3-manifolds) had been shown to be unsolvable, but its implications were still interesting. The fact that it was found only after several centuries is a testament to how much progress has been made in mathematics and physics since the Poincaré Conjecture was first proven.\n\nIt's worth noting that while the Poincaré Conjecture remains one of the most open problems in mathematics, recent research has led some mathematicians to consider it as part of broader conjectures about higher-dimensional topological spaces."
Tell us about the main political parties in the USA.,"The political parties in the United States are known as the Democratic Party and the Republican Party. They represent different ideologies and values within the broader context of American politics. Here's a brief overview of each party:\n\n1. Democratic Party:\n   - Founded on May 20, 1804 by John Q. Adams\n   - Represents the interests of women and black Americans\n   - Often criticized for lack of boldness in action and leadership\n   - Focuses on economic policies, education, social welfare programs, and environmentalism\n\n2. Republican Party:\n   - Founded on July 4, 1854 by Stephen A. Douglas\n   - Represents the interests of northern industrial workers and white supremacists\n   - Often criticized for its conservatism and anti-evolution stance\n   - Focuses on labor rights, social justice, immigration reform, and economic growth\n\nBoth parties have their own strengths and weaknesses within American politics. The Democratic Party tends to be more moderate in its approach and has been influential in shaping the modern American political landscape since its founding. On the other hand, the Republican Party has traditionally been seen as a platform for right-wing populism. Both parties share some common principles but differ significantly in their strategies and ideological approaches.\n\nIn summary, the Democratic Party focuses on issues of equality, women's rights, and social welfare, while the Republican Party advocates for economic growth, labor rights, immigration reform, and environmental protection."
What is the meaning of life?,"As an artificial intelligence language model, I don't have personal beliefs or values like humans do. However, I can provide some general insights about the meaning of life based on my training data.\n\nThe human race has had various philosophical and spiritual pursuits for thousands of years. Some people believe that the ultimate purpose of life is to achieve happiness, while others may argue it's a quest to fulfill one's own potential and reach out to the world. There are many different perspectives and interpretations of life, but in general, the meaning of life can be described as an endless journey of self-discovery, self-education, and self-transformation.\n\nUltimately, it's up to each individual to find their own path to the meaning of life based on their values, beliefs, experiences, and personal goals. Some may believe that the purpose of life is to serve others or contribute to society, while others may focus more on personal growth, satisfaction, and fulfillment.\n\nIt's important to remember that the meaning of life can change from person to person, as it's a complex issue that varies greatly from one culture or individual to another."
In what years did the Second World War take place?,"The second world war began on September 1, 1939, when Germany invaded Poland, leading to the outbreak of hostilities between Europe and the rest of the world. The war ended with the surrender of Nazi Germany in May 1945 at the end of the war. Therefore, the two-world war lasted from 1939 to 1945."
